seed,projection,n_train,n_test,n_families_train,n_families_test,gpfn_pearson,gpfn_spearman,pcr_pearson,pcr_spearman,eff_rank,wall_clock_seconds
1,pca,4082,1048,31,8,0.407227,0.379545,0.425231,0.401405,,123.9
1,pls,4082,1048,31,8,0.351695,0.340555,0.341414,0.317344,100,169.2
1,pls_mm,4082,1048,31,8,0.364592,0.350335,0.341414,0.317344,100,213.6
1,screen_pca:2000,4082,1048,31,8,0.379897,0.34525,0.429129,0.387785,,216.1
1,hybrid:50,4082,1048,31,8,0.217944,0.178791,0.164699,0.138021,,218.3
1,bag:10,4082,1048,31,8,0.30397,0.256775,0.423788,0.397168,,225.0
2,pca,4059,1071,31,8,0.435769,0.430872,0.448206,0.446102,,116.9
2,pls,4059,1071,31,8,0.422155,0.423848,0.392474,0.395165,100,158.5
2,pls_mm,4059,1071,31,8,0.436652,0.437787,0.392474,0.395165,100,204.2
2,screen_pca:2000,4059,1071,31,8,0.437202,0.439276,0.462571,0.471088,,206.8
2,hybrid:50,4059,1071,31,8,0.310703,0.314378,0.330017,0.328817,,209.0
2,bag:10,4059,1071,31,8,0.391258,0.391166,0.446622,0.443807,,215.7
3,pca,3977,1153,30,9,0.533819,0.519025,0.542585,0.530055,,117.8
3,pls,3977,1153,30,9,0.435654,0.435127,0.412889,0.409464,100,160.0
3,pls_mm,3977,1153,30,9,0.45125,0.448204,0.412889,0.409464,100,205.3
3,screen_pca:2000,3977,1153,30,9,0.443052,0.439694,0.42774,0.423802,,208.2
3,hybrid:50,3977,1153,30,9,0.433505,0.418944,0.038923,0.321693,,210.6
3,bag:10,3977,1153,30,9,0.468655,0.461194,0.552783,0.538118,,218.0
4,pca,4077,1053,31,8,0.426959,0.408891,0.47323,0.45604,,123.7
4,pls,4077,1053,31,8,0.312392,0.311542,0.319466,0.307529,100,167.4
4,pls_mm,4077,1053,31,8,0.347794,0.342473,0.319466,0.307529,100,212.8
4,screen_pca:2000,4077,1053,31,8,0.407499,0.388668,0.432585,0.415112,,215.2
4,hybrid:50,4077,1053,31,8,0.324765,0.292648,-0.13626,0.166489,,217.3
4,bag:10,4077,1053,31,8,0.382311,0.362275,0.468708,0.451548,,224.4
5,pca,4093,1037,31,8,0.385,0.349998,0.407059,0.37028,,124.6
5,pls,4093,1037,31,8,0.387197,0.383596,0.378487,0.351403,100,170.3
5,pls_mm,4093,1037,31,8,0.418666,0.409455,0.378487,0.351403,100,217.3
5,screen_pca:2000,4093,1037,31,8,0.399225,0.377315,0.448423,0.427405,,219.8
5,hybrid:50,4093,1037,31,8,0.283903,0.275615,-0.017377,0.236439,,222.0
5,bag:10,4093,1037,31,8,0.352925,0.315417,0.410797,0.373484,,229.3
6,pca,4073,1057,31,8,0.38482,0.35498,0.359701,0.332154,,124.4
6,pls,4073,1057,31,8,0.198223,0.202881,0.163526,0.165394,100,168.6
6,pls_mm,4073,1057,31,8,0.222831,0.22659,0.163526,0.165394,100,213.8
6,screen_pca:2000,4073,1057,31,8,0.407928,0.375555,0.420603,0.371342,,216.3
6,hybrid:50,4073,1057,31,8,0.290795,0.257295,-0.071411,0.078559,,218.4
6,bag:10,4073,1057,31,8,0.29309,0.270603,0.378209,0.349508,,225.4
7,pca,4039,1091,31,8,0.392912,0.382987,0.400048,0.391713,,120.4
7,pls,4039,1091,31,8,0.333468,0.321509,0.301865,0.280456,100,164.3
7,pls_mm,4039,1091,31,8,0.348216,0.334076,0.301865,0.280456,100,210.1
7,screen_pca:2000,4039,1091,31,8,0.320674,0.305008,0.354795,0.326096,,212.7
7,hybrid:50,4039,1091,31,8,0.293745,0.281782,0.334013,0.31309,,214.9
7,bag:10,4039,1091,31,8,0.288167,0.27971,0.400256,0.392294,,222.0
8,pca,4012,1118,30,9,0.395664,0.369068,0.361563,0.33656,,118.3
8,pls,4012,1118,30,9,0.234837,0.239612,0.191538,0.210242,100,165.9
8,pls_mm,4012,1118,30,9,0.250732,0.252793,0.191538,0.210242,100,214.7
8,screen_pca:2000,4012,1118,30,9,0.348828,0.338704,0.349061,0.337563,,217.7
8,hybrid:50,4012,1118,30,9,0.322108,0.307194,-0.058101,0.214463,,220.1
8,bag:10,4012,1118,30,9,0.365375,0.339252,0.366682,0.342284,,227.1
9,pca,4048,1082,31,8,0.399244,0.384453,0.441943,0.427385,,122.2
9,pls,4048,1082,31,8,0.419603,0.410369,0.419022,0.396346,100,169.6
9,pls_mm,4048,1082,31,8,0.437889,0.426108,0.419022,0.396346,100,216.1
9,screen_pca:2000,4048,1082,31,8,0.422481,0.40019,0.445505,0.425642,,219.2
9,hybrid:50,4048,1082,31,8,0.330994,0.317607,0.364419,0.343015,,221.5
9,bag:10,4048,1082,31,8,0.341171,0.323466,0.468208,0.451833,,229.1
10,pca,4062,1068,31,8,0.529666,0.5047,0.560488,0.540404,,121.1
10,pls,4062,1068,31,8,0.38557,0.401363,0.387384,0.365135,100,168.0
10,pls_mm,4062,1068,31,8,0.419543,0.421234,0.387384,0.365135,100,218.5
10,screen_pca:2000,4062,1068,31,8,0.51666,0.49229,0.543011,0.521719,,221.6
10,hybrid:50,4062,1068,31,8,0.330797,0.313586,0.366981,0.341343,,224.0
10,bag:10,4062,1068,31,8,0.447383,0.422479,0.541354,0.52205,,232.7
11,pca,4081,1049,31,8,0.416535,0.407611,0.41684,0.405921,,125.5
11,pls,4081,1049,31,8,0.290619,0.287995,0.250106,0.243012,100,174.2
11,pls_mm,4081,1049,31,8,0.311601,0.307797,0.250106,0.243012,100,221.6
11,screen_pca:2000,4081,1049,31,8,0.390018,0.388981,0.410859,0.409094,,224.1
11,hybrid:50,4081,1049,31,8,0.314562,0.303331,-0.121806,0.219472,,226.2
11,bag:10,4081,1049,31,8,0.379807,0.368001,0.417267,0.406257,,233.2
12,pca,4085,1045,31,8,0.375891,0.37423,0.393793,0.38748,,125.7
12,pls,4085,1045,31,8,0.268909,0.268168,0.23878,0.215224,100,173.4
12,pls_mm,4085,1045,31,8,0.289252,0.283872,0.23878,0.215224,100,221.3
12,screen_pca:2000,4085,1045,31,8,0.37896,0.369185,0.385961,0.375861,,224.1
12,hybrid:50,4085,1045,31,8,0.204463,0.189119,0.067779,0.188354,,226.6
12,bag:10,4085,1045,31,8,0.347113,0.344494,0.390277,0.383957,,233.8
13,pca,4099,1031,31,8,0.508378,0.496181,0.506507,0.496682,,123.6
13,pls,4099,1031,31,8,0.391012,0.385325,0.402674,0.37526,100,168.4
13,pls_mm,4099,1031,31,8,0.42127,0.412637,0.402674,0.37526,100,216.1
13,screen_pca:2000,4099,1031,31,8,0.434637,0.423487,0.463041,0.451351,,218.8
13,hybrid:50,4099,1031,31,8,0.354988,0.335592,0.4404,0.432502,,221.1
13,bag:10,4099,1031,31,8,0.325837,0.323089,0.513322,0.50372,,228.0
14,pca,4071,1059,31,8,0.363845,0.350123,0.407944,0.39454,,125.8
14,pls,4071,1059,31,8,0.418616,0.426915,0.432912,0.42341,100,172.3
14,pls_mm,4071,1059,31,8,0.438607,0.438946,0.432912,0.42341,100,216.2
14,screen_pca:2000,4071,1059,31,8,0.334691,0.313465,0.311946,0.287295,,218.7
14,hybrid:50,4071,1059,31,8,0.275224,0.26116,0.320931,0.293451,,220.8
14,bag:10,4071,1059,31,8,0.314455,0.305442,0.413701,0.400017,,227.7
15,pca,4059,1071,31,8,0.453628,0.440703,0.443818,0.431622,,117.5
15,pls,4059,1071,31,8,0.33034,0.340198,0.318677,0.308934,100,164.1
15,pls_mm,4059,1071,31,8,0.343307,0.349891,0.318677,0.308934,100,211.1
15,screen_pca:2000,4059,1071,31,8,0.384023,0.37687,0.399383,0.393532,,213.6
15,hybrid:50,4059,1071,31,8,0.306756,0.317567,-0.042954,0.278836,,215.8
15,bag:10,4059,1071,31,8,0.37852,0.348309,0.44736,0.432815,,223.0
16,pca,4055,1075,31,8,0.412621,0.402449,0.473608,0.464341,,118.0
16,pls,4055,1075,31,8,0.390972,0.394687,0.365461,0.352921,100,164.6
16,pls_mm,4055,1075,31,8,0.420786,0.419951,0.365461,0.352921,100,211.8
16,screen_pca:2000,4055,1075,31,8,0.396375,0.393939,0.447426,0.439414,,214.3
16,hybrid:50,4055,1075,31,8,0.274485,0.277594,0.309809,0.31122,,216.4
16,bag:10,4055,1075,31,8,0.310268,0.308851,0.48569,0.474863,,223.3
17,pca,4098,1032,31,8,0.501823,0.491788,0.533725,0.524401,,123.8
17,pls,4098,1032,31,8,0.346048,0.359988,0.337612,0.357229,100,171.6
17,pls_mm,4098,1032,31,8,0.393587,0.410254,0.337612,0.357229,100,219.0
17,screen_pca:2000,4098,1032,31,8,0.459558,0.455376,0.456305,0.443175,,221.5
17,hybrid:50,4098,1032,31,8,0.302363,0.29748,0.137993,0.33721,,224.0
17,bag:10,4098,1032,31,8,0.424152,0.415782,0.529076,0.521832,,232.1
18,pca,4060,1070,31,8,0.461199,0.428731,0.463991,0.436123,,118.6
18,pls,4060,1070,31,8,0.327833,0.343366,0.329198,0.329016,100,167.2
18,pls_mm,4060,1070,31,8,0.35252,0.366119,0.329198,0.329016,100,214.3
18,screen_pca:2000,4060,1070,31,8,0.430052,0.403562,0.450629,0.422242,,216.7
18,hybrid:50,4060,1070,31,8,0.389597,0.371127,0.062814,0.297397,,219.0
18,bag:10,4060,1070,31,8,0.395039,0.363999,0.499811,0.465872,,226.8
19,pca,4043,1087,31,8,0.38108,0.368757,0.433663,0.418464,,119.8
19,pls,4043,1087,31,8,0.30746,0.302916,0.287418,0.276225,100,165.7
19,pls_mm,4043,1087,31,8,0.331879,0.324341,0.287418,0.276225,100,214.2
19,screen_pca:2000,4043,1087,31,8,0.397153,0.383336,0.394167,0.37837,,217.2
19,hybrid:50,4043,1087,31,8,0.32905,0.326826,-0.041376,0.19031,,219.4
19,bag:10,4043,1087,31,8,0.358014,0.344791,0.412265,0.400946,,226.8
20,pca,4075,1055,31,8,0.439949,0.427459,0.432964,0.415749,,122.7
20,pls,4075,1055,31,8,0.261735,0.249288,0.221435,0.200036,100,169.9
20,pls_mm,4075,1055,31,8,0.275021,0.260205,0.221435,0.200036,100,216.7
20,screen_pca:2000,4075,1055,31,8,0.453968,0.44729,0.485059,0.470711,,219.3
20,hybrid:50,4075,1055,31,8,0.289877,0.263991,0.357501,0.342785,,221.6
20,bag:10,4075,1055,31,8,0.372871,0.371276,0.45265,0.435405,,228.6
21,pca,4045,1085,31,8,0.46211,0.438458,0.484708,0.459519,,119.7
21,pls,4045,1085,31,8,0.381876,0.365492,0.358834,0.344945,100,163.8
21,pls_mm,4045,1085,31,8,0.387538,0.370911,0.358834,0.344945,100,212.5
21,screen_pca:2000,4045,1085,31,8,0.437689,0.422312,0.473123,0.452687,,215.0
21,hybrid:50,4045,1085,31,8,0.321858,0.318933,0.351655,0.34937,,217.1
21,bag:10,4045,1085,31,8,0.397046,0.383292,0.493536,0.466824,,224.0
22,pca,4011,1119,30,9,0.439898,0.425011,0.436837,0.419879,,117.1
22,pls,4011,1119,30,9,0.323957,0.318152,0.323515,0.295423,100,162.2
22,pls_mm,4011,1119,30,9,0.349972,0.342826,0.323515,0.295423,100,209.6
22,screen_pca:2000,4011,1119,30,9,0.404251,0.380586,0.39133,0.366793,,212.4
22,hybrid:50,4011,1119,30,9,0.38857,0.37282,0.391427,0.382996,,214.5
22,bag:10,4011,1119,30,9,0.432498,0.415587,0.435842,0.420288,,222.1
23,pca,4064,1066,31,8,0.431328,0.407435,0.447525,0.425915,,120.1
23,pls,4064,1066,31,8,0.370144,0.358949,0.33617,0.3321,100,166.6
23,pls_mm,4064,1066,31,8,0.384862,0.375873,0.33617,0.3321,100,213.9
23,screen_pca:2000,4064,1066,31,8,0.460627,0.433498,0.45289,0.422583,,216.4
23,hybrid:50,4064,1066,31,8,0.308815,0.289702,0.308921,0.296611,,218.6
23,bag:10,4064,1066,31,8,0.200971,0.191096,0.450504,0.426877,,226.7
24,pca,4039,1091,31,8,0.439269,0.42226,0.504531,0.488593,,121.7
24,pls,4039,1091,31,8,0.417348,0.427595,0.399162,0.413785,100,170.6
24,pls_mm,4039,1091,31,8,0.434392,0.44419,0.399162,0.413785,100,218.7
24,screen_pca:2000,4039,1091,31,8,0.439693,0.410768,0.459734,0.420358,,221.2
24,hybrid:50,4039,1091,31,8,0.318221,0.30977,0.339356,0.327578,,223.5
24,bag:10,4039,1091,31,8,0.343324,0.327728,0.487637,0.47028,,231.5
25,pca,4089,1041,31,8,0.354925,0.343126,0.414119,0.407041,,125.1
25,pls,4089,1041,31,8,0.443738,0.45876,0.456345,0.460164,100,173.2
25,pls_mm,4089,1041,31,8,0.480052,0.487393,0.456345,0.460164,100,221.0
25,screen_pca:2000,4089,1041,31,8,0.450386,0.434166,0.474194,0.453041,,223.5
25,hybrid:50,4089,1041,31,8,0.371829,0.355414,0.407045,0.411032,,225.9
25,bag:10,4089,1041,31,8,0.290398,0.2796,0.404891,0.398473,,234.4
26,pca,4091,1039,31,8,0.508287,0.495675,0.589046,0.578197,,126.2
26,pls,4091,1039,31,8,0.462351,0.457829,0.453444,0.437736,100,171.5
26,pls_mm,4091,1039,31,8,0.486338,0.482669,0.453444,0.437736,100,218.0
26,screen_pca:2000,4091,1039,31,8,0.433425,0.429426,0.467501,0.455996,,220.4
26,hybrid:50,4091,1039,31,8,0.264938,0.259838,0.174051,0.379884,,222.5
26,bag:10,4091,1039,31,8,0.396413,0.371387,0.58405,0.575442,,229.5
27,pca,4066,1064,31,8,0.394968,0.376286,0.420502,0.409387,,118.8
27,pls,4066,1064,31,8,0.368521,0.385741,0.372728,0.360656,100,167.3
27,pls_mm,4066,1064,31,8,0.401179,0.408685,0.372728,0.360656,100,217.8
27,screen_pca:2000,4066,1064,31,8,0.408803,0.404654,0.433152,0.425762,,220.3
27,hybrid:50,4066,1064,31,8,0.28765,0.264494,-0.010625,0.107909,,222.6
27,bag:10,4066,1064,31,8,0.352138,0.336794,0.424948,0.410825,,229.6
28,pca,4065,1065,31,8,0.491832,0.482066,0.47742,0.464165,,117.1
28,pls,4065,1065,31,8,0.194429,0.19597,0.130376,0.135966,100,164.6
28,pls_mm,4065,1065,31,8,0.221601,0.223491,0.130376,0.135966,100,211.9
28,screen_pca:2000,4065,1065,31,8,0.456103,0.449577,0.451354,0.447505,,214.4
28,hybrid:50,4065,1065,31,8,0.37022,0.356121,0.042129,0.286568,,216.6
28,bag:10,4065,1065,31,8,0.479409,0.476209,0.494376,0.482231,,223.6
29,pca,4089,1041,31,8,0.413767,0.394577,0.434433,0.417084,,126.3
29,pls,4089,1041,31,8,0.345885,0.337913,0.285113,0.280522,100,173.3
29,pls_mm,4089,1041,31,8,0.363351,0.354291,0.285113,0.280522,100,223.7
29,screen_pca:2000,4089,1041,31,8,0.415093,0.403182,0.417933,0.399726,,226.4
29,hybrid:50,4089,1041,31,8,0.334805,0.321569,0.282013,0.269862,,228.7
29,bag:10,4089,1041,31,8,0.351235,0.330962,0.43576,0.418931,,235.7
30,pca,4055,1075,31,8,0.503894,0.495884,0.503658,0.499514,,117.7
30,pls,4055,1075,31,8,0.356861,0.357904,0.301102,0.300185,100,163.7
30,pls_mm,4055,1075,31,8,0.377674,0.375577,0.301102,0.300185,100,211.5
30,screen_pca:2000,4055,1075,31,8,0.402005,0.39916,0.404139,0.399742,,214.2
30,hybrid:50,4055,1075,31,8,0.357206,0.347688,-0.015004,0.237735,,216.4
30,bag:10,4055,1075,31,8,0.38772,0.377344,0.515121,0.509538,,223.6
31,pca,4052,1078,31,8,0.43874,0.436061,0.428389,0.430291,,122.9
31,pls,4052,1078,31,8,0.27216,0.27053,0.279139,0.236627,100,168.3
31,pls_mm,4052,1078,31,8,0.286355,0.281784,0.279139,0.236627,100,214.0
31,screen_pca:2000,4052,1078,31,8,0.419979,0.41663,0.401087,0.399736,,216.6
31,hybrid:50,4052,1078,31,8,0.42673,0.418658,-0.080323,0.230398,,218.7
31,bag:10,4052,1078,31,8,0.401418,0.402952,0.433743,0.434595,,226.3
32,pca,4005,1125,30,9,0.409273,0.388188,0.393036,0.367056,,120.7
32,pls,4005,1125,30,9,0.295662,0.306926,0.270767,0.276412,100,165.6
32,pls_mm,4005,1125,30,9,0.319739,0.3295,0.270767,0.276412,100,210.6
32,screen_pca:2000,4005,1125,30,9,0.421431,0.409807,0.426436,0.413306,,213.0
32,hybrid:50,4005,1125,30,9,0.33583,0.321337,0.331719,0.315146,,215.0
32,bag:10,4005,1125,30,9,0.380384,0.361864,0.412056,0.388783,,222.1
33,pca,4016,1114,30,9,0.454836,0.44886,0.469712,0.455567,,120.9
33,pls,4016,1114,30,9,0.360895,0.368791,0.428592,0.405876,100,166.0
33,pls_mm,4016,1114,30,9,0.428876,0.434053,0.428592,0.405876,100,210.6
33,screen_pca:2000,4016,1114,30,9,0.444297,0.431725,0.45797,0.442017,,213.0
33,hybrid:50,4016,1114,30,9,0.296484,0.296661,0.398425,0.406341,,215.1
33,bag:10,4016,1114,30,9,0.374356,0.361081,0.47504,0.467974,,221.6
34,pca,4075,1055,31,8,0.363578,0.335792,0.408968,0.379618,,122.9
34,pls,4075,1055,31,8,0.34639,0.341776,0.360638,0.337589,100,168.5
34,pls_mm,4075,1055,31,8,0.367734,0.358033,0.360638,0.337589,100,216.9
34,screen_pca:2000,4075,1055,31,8,0.399219,0.373224,0.416094,0.398549,,219.8
34,hybrid:50,4075,1055,31,8,0.261329,0.239451,0.241693,0.2308,,222.8
34,bag:10,4075,1055,31,8,0.283857,0.257517,0.389828,0.363666,,230.2
35,pca,4064,1066,31,8,0.409166,0.406274,0.466368,0.460555,,118.7
35,pls,4064,1066,31,8,0.361888,0.368909,0.35877,0.343108,100,164.5
35,pls_mm,4064,1066,31,8,0.378786,0.383893,0.35877,0.343108,100,212.6
35,screen_pca:2000,4064,1066,31,8,0.402256,0.39556,0.441482,0.438037,,215.3
35,hybrid:50,4064,1066,31,8,0.294662,0.279855,0.321412,0.311569,,217.7
35,bag:10,4064,1066,31,8,0.381138,0.36658,0.445788,0.440374,,226.1
36,pca,4069,1061,31,8,0.293168,0.281716,0.307644,0.292375,,116.6
36,pls,4069,1061,31,8,0.371269,0.369879,0.372184,0.364942,100,162.3
36,pls_mm,4069,1061,31,8,0.378464,0.375907,0.372184,0.364942,100,209.6
36,screen_pca:2000,4069,1061,31,8,0.348356,0.326944,0.373091,0.351354,,212.1
36,hybrid:50,4069,1061,31,8,0.116488,0.105303,0.021636,0.14375,,214.2
36,bag:10,4069,1061,31,8,0.215303,0.19638,0.27993,0.264991,,221.6
37,pca,4066,1064,31,8,0.405253,0.378979,0.421099,0.401737,,117.9
37,pls,4066,1064,31,8,0.329216,0.325555,0.292241,0.290201,100,165.7
37,pls_mm,4066,1064,31,8,0.357354,0.349477,0.292241,0.290201,100,212.9
37,screen_pca:2000,4066,1064,31,8,0.444734,0.422016,0.475665,0.459661,,215.5
37,hybrid:50,4066,1064,31,8,0.321873,0.284768,-0.073841,0.216371,,217.9
37,bag:10,4066,1064,31,8,0.404811,0.386629,0.426304,0.405706,,225.2
38,pca,4040,1090,31,8,0.454172,0.442743,0.459214,0.445744,,119.3
38,pls,4040,1090,31,8,0.350414,0.3458,0.297126,0.302694,100,164.3
38,pls_mm,4040,1090,31,8,0.390136,0.38526,0.297126,0.302694,100,213.1
38,screen_pca:2000,4040,1090,31,8,0.434375,0.411021,0.444469,0.413324,,215.9
38,hybrid:50,4040,1090,31,8,0.317813,0.295282,-0.045651,0.209005,,218.3
38,bag:10,4040,1090,31,8,0.378416,0.381121,0.485569,0.467875,,225.5
39,pca,4039,1091,31,8,0.372846,0.361773,0.384068,0.373117,,119.2
39,pls,4039,1091,31,8,0.293964,0.287172,0.291095,0.28047,100,165.8
39,pls_mm,4039,1091,31,8,0.312858,0.306093,0.291095,0.28047,100,211.5
39,screen_pca:2000,4039,1091,31,8,0.333634,0.322079,0.3517,0.332859,,213.9
39,hybrid:50,4039,1091,31,8,0.333336,0.324877,0.323152,0.314635,,216.1
39,bag:10,4039,1091,31,8,0.406548,0.385016,0.357548,0.348359,,223.5
40,pca,4044,1086,31,8,0.491784,0.476222,0.54542,0.533323,,118.4
40,pls,4044,1086,31,8,0.38293,0.393,0.351408,0.363202,100,163.8
40,pls_mm,4044,1086,31,8,0.40748,0.414655,0.351408,0.363202,100,212.5
40,screen_pca:2000,4044,1086,31,8,0.47267,0.438709,0.476003,0.435228,,215.4
40,hybrid:50,4044,1086,31,8,0.37601,0.373697,0.398301,0.367502,,217.7
40,bag:10,4044,1086,31,8,0.367328,0.350577,0.536065,0.523765,,224.9
41,pca,4091,1039,31,8,0.503754,0.483623,0.517789,0.499976,,125.9
41,pls,4091,1039,31,8,0.402141,0.418588,0.357702,0.382638,100,175.5
41,pls_mm,4091,1039,31,8,0.416318,0.431695,0.357702,0.382638,100,225.4
41,screen_pca:2000,4091,1039,31,8,0.436165,0.411731,0.447119,0.420298,,227.8
41,hybrid:50,4091,1039,31,8,0.325431,0.308562,0.031768,0.350557,,230.4
41,bag:10,4091,1039,31,8,0.429078,0.410678,0.536314,0.517208,,239.4
42,pca,4092,1038,31,8,0.44049,0.410392,0.446372,0.417552,,126.8
42,pls,4092,1038,31,8,0.35682,0.353278,0.345493,0.339454,100,172.9
42,pls_mm,4092,1038,31,8,0.394336,0.388362,0.345493,0.339454,100,218.1
42,screen_pca:2000,4092,1038,31,8,0.472453,0.450441,0.515105,0.493672,,221.2
42,hybrid:50,4092,1038,31,8,0.359513,0.341099,0.344205,0.347323,,223.6
42,bag:10,4092,1038,31,8,0.337224,0.314852,0.455385,0.426138,,230.6
43,pca,4058,1072,31,8,0.361219,0.337281,0.386159,0.363592,,117.5
43,pls,4058,1072,31,8,0.43316,0.439184,0.434705,0.425387,100,164.2
43,pls_mm,4058,1072,31,8,0.463645,0.465273,0.434705,0.425387,100,210.5
43,screen_pca:2000,4058,1072,31,8,0.457832,0.44233,0.434355,0.417471,,213.1
43,hybrid:50,4058,1072,31,8,0.227562,0.201944,0.020652,0.132519,,215.2
43,bag:10,4058,1072,31,8,0.310554,0.292854,0.394276,0.369862,,222.2
44,pca,4066,1064,31,8,0.488829,0.481697,0.500638,0.497637,,118.8
44,pls,4066,1064,31,8,0.32089,0.3343,0.274524,0.292188,100,168.1
44,pls_mm,4066,1064,31,8,0.352995,0.362338,0.274524,0.292188,100,217.5
44,screen_pca:2000,4066,1064,31,8,0.463687,0.458649,0.459436,0.455157,,220.0
44,hybrid:50,4066,1064,31,8,0.402035,0.403719,0.07937,0.389744,,222.2
44,bag:10,4066,1064,31,8,0.467089,0.4564,0.507503,0.502743,,229.6
45,pca,4058,1072,31,8,0.460883,0.45314,0.448958,0.440274,,117.9
45,pls,4058,1072,31,8,0.345301,0.342697,0.323924,0.315394,100,164.3
45,pls_mm,4058,1072,31,8,0.358593,0.353172,0.323924,0.315394,100,214.1
45,screen_pca:2000,4058,1072,31,8,0.473131,0.459866,0.448256,0.441697,,217.2
45,hybrid:50,4058,1072,31,8,0.364127,0.343697,-0.080223,0.329722,,219.4
45,bag:10,4058,1072,31,8,0.404385,0.397919,0.453844,0.443926,,226.4
46,pca,4073,1057,31,8,0.348584,0.321841,0.375989,0.346222,,126.7
46,pls,4073,1057,31,8,0.378567,0.370478,0.412517,0.385346,100,174.1
46,pls_mm,4073,1057,31,8,0.411572,0.397917,0.412517,0.385346,100,221.6
46,screen_pca:2000,4073,1057,31,8,0.355244,0.328705,0.401053,0.372697,,224.0
46,hybrid:50,4073,1057,31,8,0.209439,0.194865,0.046328,0.171974,,226.5
46,bag:10,4073,1057,31,8,0.340479,0.313032,0.38096,0.353869,,233.8
47,pca,4082,1048,31,8,0.472935,0.472945,0.430107,0.426326,,123.6
47,pls,4082,1048,31,8,0.44269,0.445856,0.435202,0.427719,100,171.9
47,pls_mm,4082,1048,31,8,0.459418,0.45942,0.435202,0.427719,100,220.5
47,screen_pca:2000,4082,1048,31,8,0.44209,0.431451,0.459552,0.452499,,223.2
47,hybrid:50,4082,1048,31,8,0.405571,0.397542,0.484305,0.480241,,225.6
47,bag:10,4082,1048,31,8,0.309584,0.303669,0.448662,0.445732,,233.0
48,pca,4088,1042,31,8,0.384255,0.356153,0.390863,0.365182,,125.5
48,pls,4088,1042,31,8,0.23169,0.220491,0.214486,0.202546,100,170.3
48,pls_mm,4088,1042,31,8,0.23777,0.224705,0.214486,0.202546,100,217.4
48,screen_pca:2000,4088,1042,31,8,0.393488,0.381091,0.405242,0.389921,,220.1
48,hybrid:50,4088,1042,31,8,0.343537,0.317138,0.150715,0.335922,,222.2
48,bag:10,4088,1042,31,8,0.371521,0.34407,0.393906,0.363591,,229.3
49,pca,4035,1095,31,8,0.396262,0.392464,0.45124,0.443078,,118.1
49,pls,4035,1095,31,8,0.386801,0.37571,0.353964,0.339977,100,162.1
49,pls_mm,4035,1095,31,8,0.396318,0.382749,0.353964,0.339977,100,207.9
49,screen_pca:2000,4035,1095,31,8,0.413588,0.413378,0.417919,0.417949,,210.3
49,hybrid:50,4035,1095,31,8,0.263368,0.260246,0.280561,0.276328,,212.6
49,bag:10,4035,1095,31,8,0.307595,0.289912,0.437121,0.431204,,220.1
50,pca,4049,1081,31,8,0.421846,0.408173,0.433969,0.424702,,116.7
50,pls,4049,1081,31,8,0.284259,0.277783,0.248602,0.232525,100,160.9
50,pls_mm,4049,1081,31,8,0.2995,0.289361,0.248602,0.232525,100,207.1
50,screen_pca:2000,4049,1081,31,8,0.397602,0.384661,0.371554,0.358759,,209.5
50,hybrid:50,4049,1081,31,8,0.288536,0.278482,0.08707,0.23867,,211.6
50,bag:10,4049,1081,31,8,0.349467,0.324733,0.43047,0.420222,,218.3
51,pca,4096,1034,31,8,0.413734,0.386854,0.46305,0.436599,,124.4
51,pls,4096,1034,31,8,0.444744,0.44629,0.416265,0.417216,100,171.5
51,pls_mm,4096,1034,31,8,0.460261,0.457751,0.416265,0.417216,100,219.7
51,screen_pca:2000,4096,1034,31,8,0.446856,0.428655,0.450673,0.435813,,222.3
51,hybrid:50,4096,1034,31,8,0.251917,0.222988,0.306301,0.268358,,224.8
51,bag:10,4096,1034,31,8,0.382244,0.35522,0.461456,0.434848,,233.0
52,pca,4072,1058,31,8,0.410706,0.408268,0.445316,0.445038,,125.8
52,pls,4072,1058,31,8,0.262121,0.282636,0.271863,0.270022,100,172.4
52,pls_mm,4072,1058,31,8,0.290773,0.308709,0.271863,0.270022,100,220.6
52,screen_pca:2000,4072,1058,31,8,0.264686,0.256945,0.263978,0.250945,,223.1
52,hybrid:50,4072,1058,31,8,0.308644,0.305648,-0.014456,0.224834,,225.2
52,bag:10,4072,1058,31,8,0.385136,0.375067,0.433605,0.431243,,234.1
53,pca,4086,1044,31,8,0.445009,0.427053,0.448229,0.432954,,126.9
53,pls,4086,1044,31,8,0.379654,0.380446,0.378739,0.350446,100,173.3
53,pls_mm,4086,1044,31,8,0.412554,0.406991,0.378739,0.350446,100,220.2
53,screen_pca:2000,4086,1044,31,8,0.3702,0.356733,0.358056,0.363942,,223.3
53,hybrid:50,4086,1044,31,8,0.314661,0.29443,0.316947,0.319886,,225.4
53,bag:10,4086,1044,31,8,0.407919,0.395714,0.453936,0.436045,,232.8
54,pca,3999,1131,30,9,0.425492,0.4058,0.420018,0.400671,,121.2
54,pls,3999,1131,30,9,0.291073,0.291351,0.280974,0.262747,100,168.0
54,pls_mm,3999,1131,30,9,0.305807,0.302871,0.280974,0.262747,100,213.9
54,screen_pca:2000,3999,1131,30,9,0.389137,0.367259,0.391596,0.364919,,216.4
54,hybrid:50,3999,1131,30,9,0.350481,0.334331,0.024618,0.35439,,218.6
54,bag:10,3999,1131,30,9,0.409634,0.386517,0.432985,0.41366,,225.8
55,pca,4048,1082,31,8,0.465874,0.450293,0.520246,0.507437,,117.9
55,pls,4048,1082,31,8,0.45976,0.475411,0.472167,0.460903,100,162.4
55,pls_mm,4048,1082,31,8,0.492267,0.499528,0.472167,0.460903,100,208.8
55,screen_pca:2000,4048,1082,31,8,0.460272,0.461244,0.482572,0.484244,,211.4
55,hybrid:50,4048,1082,31,8,0.301327,0.283491,-0.045905,0.352601,,214.0
55,bag:10,4048,1082,31,8,0.437771,0.426542,0.504581,0.48966,,222.6
56,pca,4075,1055,31,8,0.458492,0.435121,0.482997,0.465232,,126.5
56,pls,4075,1055,31,8,0.339342,0.351054,0.356425,0.343914,100,174.6
56,pls_mm,4075,1055,31,8,0.373107,0.381819,0.356425,0.343914,100,221.4
56,screen_pca:2000,4075,1055,31,8,0.396382,0.377134,0.361103,0.344632,,224.0
56,hybrid:50,4075,1055,31,8,0.270479,0.258588,-0.037093,0.164474,,226.1
56,bag:10,4075,1055,31,8,0.270242,0.242964,0.486706,0.468963,,232.9
57,pca,4083,1047,31,8,0.391593,0.383055,0.384969,0.3776,,126.0
57,pls,4083,1047,31,8,0.174479,0.173358,0.118775,0.122872,100,174.2
57,pls_mm,4083,1047,31,8,0.198234,0.196073,0.118775,0.122872,100,221.8
57,screen_pca:2000,4083,1047,31,8,0.459541,0.447497,0.454856,0.439081,,224.4
57,hybrid:50,4083,1047,31,8,0.352017,0.341883,-0.090364,0.184045,,226.6
57,bag:10,4083,1047,31,8,0.354109,0.346861,0.391155,0.383582,,233.7
58,pca,4047,1083,31,8,0.493021,0.491259,0.513786,0.510551,,117.6
58,pls,4047,1083,31,8,0.359242,0.361367,0.320409,0.310198,100,163.0
58,pls_mm,4047,1083,31,8,0.383028,0.382744,0.320409,0.310198,100,210.5
58,screen_pca:2000,4047,1083,31,8,0.440249,0.439549,0.445187,0.448156,,213.0
58,hybrid:50,4047,1083,31,8,0.41477,0.421475,0.032977,0.301689,,215.5
58,bag:10,4047,1083,31,8,0.398522,0.398963,0.516045,0.510664,,223.0
59,pca,4079,1051,31,8,0.307497,0.284637,0.341272,0.320292,,124.8
59,pls,4079,1051,31,8,0.286786,0.287179,0.275639,0.252889,100,170.4
59,pls_mm,4079,1051,31,8,0.307048,0.307729,0.275639,0.252889,100,218.8
59,screen_pca:2000,4079,1051,31,8,0.341754,0.321372,0.34509,0.334958,,221.5
59,hybrid:50,4079,1051,31,8,0.246008,0.221712,0.020039,0.277057,,224.2
59,bag:10,4079,1051,31,8,0.255491,0.243161,0.341681,0.319321,,232.0
60,pca,4102,1028,31,8,0.436579,0.414675,0.461445,0.432767,,127.7
60,pls,4102,1028,31,8,0.337678,0.347092,0.346455,0.331663,100,174.7
60,pls_mm,4102,1028,31,8,0.36415,0.369122,0.346455,0.331663,100,224.2
60,screen_pca:2000,4102,1028,31,8,0.393332,0.380924,0.431621,0.414954,,227.1
60,hybrid:50,4102,1028,31,8,0.325509,0.296098,-0.132276,0.126646,,229.5
60,bag:10,4102,1028,31,8,0.293555,0.274176,0.466705,0.439352,,237.6
61,pca,4079,1051,31,8,0.397697,0.377709,0.43761,0.412521,,126.5
61,pls,4079,1051,31,8,0.314715,0.321564,0.290576,0.295671,100,173.4
61,pls_mm,4079,1051,31,8,0.334698,0.338737,0.290576,0.295671,100,219.5
61,screen_pca:2000,4079,1051,31,8,0.432697,0.407938,0.444424,0.409592,,221.9
61,hybrid:50,4079,1051,31,8,0.325325,0.3154,-0.10191,0.149124,,223.9
61,bag:10,4079,1051,31,8,0.231441,0.219817,0.446922,0.421834,,231.6
62,pca,3976,1154,30,9,0.366451,0.333336,0.435072,0.399974,,116.9
62,pls,3976,1154,30,9,0.425512,0.448546,0.483046,0.473172,100,161.3
62,pls_mm,3976,1154,30,9,0.48698,0.498062,0.483046,0.473172,100,206.3
62,screen_pca:2000,3976,1154,30,9,0.421749,0.396258,0.431947,0.401045,,209.0
62,hybrid:50,3976,1154,30,9,0.30164,0.289525,0.259867,0.246819,,211.3
62,bag:10,3976,1154,30,9,0.330738,0.307891,0.411906,0.375063,,218.4
63,pca,4038,1092,31,8,0.461823,0.435039,0.501034,0.476498,,117.9
63,pls,4038,1092,31,8,0.35209,0.351982,0.315871,0.319889,100,163.9
63,pls_mm,4038,1092,31,8,0.365705,0.364621,0.315871,0.319889,100,210.3
63,screen_pca:2000,4038,1092,31,8,0.405837,0.383232,0.395811,0.372683,,212.8
63,hybrid:50,4038,1092,31,8,0.332869,0.321275,0.373528,0.355945,,214.9
63,bag:10,4038,1092,31,8,0.446171,0.430546,0.510486,0.488136,,221.8
64,pca,4055,1075,31,8,0.411616,0.380955,0.423024,0.399277,,122.3
64,pls,4055,1075,31,8,0.341871,0.341675,0.343003,0.326722,100,168.0
64,pls_mm,4055,1075,31,8,0.354636,0.349637,0.343003,0.326722,100,217.3
64,screen_pca:2000,4055,1075,31,8,0.42467,0.397548,0.423216,0.400131,,219.9
64,hybrid:50,4055,1075,31,8,0.272514,0.238155,0.05563,0.181662,,222.1
64,bag:10,4055,1075,31,8,0.349454,0.319045,0.435267,0.409289,,230.1
65,pca,3991,1139,30,9,0.452644,0.429974,0.450402,0.435361,,118.9
65,pls,3991,1139,30,9,0.274253,0.281505,0.236244,0.253422,100,166.3
65,pls_mm,3991,1139,30,9,0.281664,0.288205,0.236244,0.253422,100,213.7
65,screen_pca:2000,3991,1139,30,9,0.431953,0.42198,0.425613,0.40112,,216.5
65,hybrid:50,3991,1139,30,9,0.349698,0.336077,0.218641,0.339826,,218.7
65,bag:10,3991,1139,30,9,0.415594,0.397871,0.45993,0.440998,,226.9
66,pca,4053,1077,31,8,0.490064,0.478746,0.502797,0.492087,,120.0
66,pls,4053,1077,31,8,0.369922,0.371237,0.356755,0.348901,100,165.1
66,pls_mm,4053,1077,31,8,0.405865,0.405593,0.356755,0.348901,100,211.0
66,screen_pca:2000,4053,1077,31,8,0.506429,0.490756,0.490711,0.479223,,213.5
66,hybrid:50,4053,1077,31,8,0.400069,0.384888,-0.034061,0.317358,,215.6
66,bag:10,4053,1077,31,8,0.460875,0.443165,0.500071,0.490687,,222.5
67,pca,4041,1089,31,8,0.438362,0.428534,0.460258,0.446504,,119.3
67,pls,4041,1089,31,8,0.380704,0.378928,0.348587,0.33991,100,165.2
67,pls_mm,4041,1089,31,8,0.397838,0.396018,0.348587,0.33991,100,211.8
67,screen_pca:2000,4041,1089,31,8,0.475735,0.466117,0.473694,0.469852,,214.2
67,hybrid:50,4041,1089,31,8,0.422959,0.414634,0.013006,0.235262,,216.4
67,bag:10,4041,1089,31,8,0.268685,0.252557,0.472993,0.460358,,224.2
68,pca,4067,1063,31,8,0.387893,0.357689,0.412148,0.38462,,117.6
68,pls,4067,1063,31,8,0.376114,0.379856,0.372386,0.366775,100,164.3
68,pls_mm,4067,1063,31,8,0.419426,0.421842,0.372386,0.366775,100,211.8
68,screen_pca:2000,4067,1063,31,8,0.436758,0.420256,0.444836,0.421834,,214.7
68,hybrid:50,4067,1063,31,8,0.280706,0.249696,-0.050809,0.276211,,217.1
68,bag:10,4067,1063,31,8,0.410027,0.381897,0.447712,0.420262,,224.5
69,pca,4053,1077,31,8,0.534593,0.537834,0.561329,0.560344,,116.6
69,pls,4053,1077,31,8,0.435981,0.427732,0.431473,0.406039,100,162.2
69,pls_mm,4053,1077,31,8,0.456725,0.445335,0.431473,0.406039,100,209.0
69,screen_pca:2000,4053,1077,31,8,0.437155,0.439671,0.434944,0.438534,,211.6
69,hybrid:50,4053,1077,31,8,0.36555,0.367107,0.36828,0.374473,,213.8
69,bag:10,4053,1077,31,8,0.375613,0.375545,0.558928,0.557258,,220.5
70,pca,3993,1137,30,9,0.453161,0.430661,0.48546,0.466361,,116.6
70,pls,3993,1137,30,9,0.277521,0.287001,0.366848,0.334917,100,162.4
70,pls_mm,3993,1137,30,9,0.392601,0.396441,0.366848,0.334917,100,208.6
70,screen_pca:2000,3993,1137,30,9,0.502505,0.495564,0.511263,0.505926,,211.0
70,hybrid:50,3993,1137,30,9,0.380983,0.363912,-0.037902,0.405642,,213.1
70,bag:10,3993,1137,30,9,0.433707,0.422319,0.476822,0.455958,,220.8
71,pca,4089,1041,31,8,0.468666,0.438959,0.444409,0.417995,,123.1
71,pls,4089,1041,31,8,0.250335,0.23265,0.223285,0.198636,100,168.3
71,pls_mm,4089,1041,31,8,0.27597,0.258629,0.223285,0.198636,100,215.2
71,screen_pca:2000,4089,1041,31,8,0.438262,0.403544,0.420242,0.378823,,217.7
71,hybrid:50,4089,1041,31,8,0.366684,0.332689,0.376986,0.339336,,220.2
71,bag:10,4089,1041,31,8,0.294235,0.28215,0.446787,0.417028,,227.5
72,pca,4097,1033,31,8,0.407113,0.388738,0.459264,0.438292,,129.4
72,pls,4097,1033,31,8,0.404871,0.418935,0.416852,0.41594,100,175.6
72,pls_mm,4097,1033,31,8,0.442134,0.450803,0.416852,0.41594,100,225.9
72,screen_pca:2000,4097,1033,31,8,0.470059,0.468938,0.466227,0.460744,,228.4
72,hybrid:50,4097,1033,31,8,0.301825,0.293704,0.00587,0.353849,,230.8
72,bag:10,4097,1033,31,8,0.344726,0.320011,0.456128,0.435546,,239.1
73,pca,4063,1067,31,8,0.427716,0.412264,0.450448,0.429121,,117.1
73,pls,4063,1067,31,8,0.345262,0.351254,0.318609,0.317943,100,165.2
73,pls_mm,4063,1067,31,8,0.368449,0.37014,0.318609,0.317943,100,213.9
73,screen_pca:2000,4063,1067,31,8,0.392382,0.379111,0.376859,0.357237,,216.6
73,hybrid:50,4063,1067,31,8,0.290922,0.28763,-0.021278,0.230545,,218.8
73,bag:10,4063,1067,31,8,0.410586,0.401983,0.463841,0.445229,,226.0
74,pca,4050,1080,31,8,0.382254,0.368281,0.401963,0.383897,,121.5
74,pls,4050,1080,31,8,0.365116,0.371865,0.39276,0.377008,100,166.2
74,pls_mm,4050,1080,31,8,0.390627,0.395342,0.39276,0.377008,100,216.5
74,screen_pca:2000,4050,1080,31,8,0.349918,0.348544,0.413023,0.40467,,218.8
74,hybrid:50,4050,1080,31,8,0.238171,0.234456,-0.070953,0.229355,,220.9
74,bag:10,4050,1080,31,8,0.308082,0.288883,0.391227,0.370676,,228.3
75,pca,4086,1044,31,8,0.381709,0.366695,0.398918,0.38042,,126.1
75,pls,4086,1044,31,8,0.340138,0.345086,0.316647,0.315647,100,172.1
75,pls_mm,4086,1044,31,8,0.34569,0.345699,0.316647,0.315647,100,220.8
75,screen_pca:2000,4086,1044,31,8,0.361779,0.343149,0.360362,0.343481,,223.3
75,hybrid:50,4086,1044,31,8,0.258925,0.233814,0.304596,0.289077,,225.6
75,bag:10,4086,1044,31,8,0.33175,0.315405,0.385172,0.367821,,233.1
76,pca,4067,1063,31,8,0.414752,0.391344,0.38771,0.367461,,117.1
76,pls,4067,1063,31,8,0.318475,0.307852,0.288468,0.265856,100,162.1
76,pls_mm,4067,1063,31,8,0.333007,0.321531,0.288468,0.265856,100,207.9
76,screen_pca:2000,4067,1063,31,8,0.424866,0.40876,0.405537,0.389679,,210.4
76,hybrid:50,4067,1063,31,8,0.285978,0.270837,0.265769,0.238554,,212.4
76,bag:10,4067,1063,31,8,0.361994,0.356883,0.396761,0.372479,,219.2
77,pca,4041,1089,31,8,0.463172,0.447738,0.524291,0.517463,,116.5
77,pls,4041,1089,31,8,0.331758,0.337134,0.309737,0.305206,100,162.6
77,pls_mm,4041,1089,31,8,0.371612,0.376099,0.309737,0.305206,100,209.0
77,screen_pca:2000,4041,1089,31,8,0.402632,0.368536,0.411198,0.370642,,211.4
77,hybrid:50,4041,1089,31,8,0.333859,0.321041,0.363362,0.353421,,213.4
77,bag:10,4041,1089,31,8,0.448509,0.435281,0.513715,0.503355,,220.3
78,pca,4076,1054,31,8,0.440871,0.432762,0.501416,0.488535,,124.1
78,pls,4076,1054,31,8,0.305196,0.310594,0.283031,0.270056,100,171.3
78,pls_mm,4076,1054,31,8,0.319364,0.321001,0.283031,0.270056,100,216.2
78,screen_pca:2000,4076,1054,31,8,0.359596,0.340836,0.386243,0.36068,,219.0
78,hybrid:50,4076,1054,31,8,0.260726,0.244098,-0.146041,0.144149,,221.3
78,bag:10,4076,1054,31,8,0.380658,0.365699,0.493698,0.482381,,228.2
79,pca,4060,1070,31,8,0.475768,0.466468,0.502927,0.494197,,119.1
79,pls,4060,1070,31,8,0.357446,0.36174,0.329467,0.330799,100,164.7
79,pls_mm,4060,1070,31,8,0.387742,0.391171,0.329467,0.330799,100,210.3
79,screen_pca:2000,4060,1070,31,8,0.438493,0.411082,0.427254,0.401714,,212.9
79,hybrid:50,4060,1070,31,8,0.405765,0.386445,0.452682,0.434286,,215.4
79,bag:10,4060,1070,31,8,0.38093,0.366907,0.506321,0.49916,,222.5
80,pca,4075,1055,31,8,0.460368,0.431801,0.518687,0.504348,,124.9
80,pls,4075,1055,31,8,0.450786,0.464055,0.439636,0.451207,100,173.4
80,pls_mm,4075,1055,31,8,0.483402,0.489712,0.439636,0.451207,100,220.9
80,screen_pca:2000,4075,1055,31,8,0.475862,0.457992,0.470176,0.448156,,223.9
80,hybrid:50,4075,1055,31,8,0.368894,0.331335,0.002681,0.339442,,226.0
80,bag:10,4075,1055,31,8,0.413653,0.379269,0.523951,0.503687,,233.2
81,pca,4053,1077,31,8,0.439863,0.406677,0.497392,0.46557,,120.1
81,pls,4053,1077,31,8,0.402811,0.407197,0.364986,0.363107,100,167.0
81,pls_mm,4053,1077,31,8,0.418034,0.419501,0.364986,0.363107,100,213.8
81,screen_pca:2000,4053,1077,31,8,0.40058,0.365818,0.404976,0.364119,,216.5
81,hybrid:50,4053,1077,31,8,0.328706,0.310298,-0.045463,0.261326,,218.8
81,bag:10,4053,1077,31,8,0.264105,0.236732,0.487523,0.454378,,225.9
82,pca,4045,1085,31,8,0.363073,0.347687,0.389628,0.380726,,117.6
82,pls,4045,1085,31,8,0.328578,0.329098,0.297036,0.278382,100,163.4
82,pls_mm,4045,1085,31,8,0.353485,0.349001,0.297036,0.278382,100,209.3
82,screen_pca:2000,4045,1085,31,8,0.364533,0.34937,0.36221,0.352688,,211.9
82,hybrid:50,4045,1085,31,8,0.140096,0.13713,0.231577,0.225103,,214.3
82,bag:10,4045,1085,31,8,0.312386,0.297701,0.394075,0.380034,,221.8
83,pca,4076,1054,31,8,0.468146,0.445831,0.511097,0.48995,,124.9
83,pls,4076,1054,31,8,0.34771,0.345358,0.30821,0.318843,100,170.1
83,pls_mm,4076,1054,31,8,0.353127,0.349686,0.30821,0.318843,100,216.8
83,screen_pca:2000,4076,1054,31,8,0.413904,0.393636,0.364716,0.338881,,219.2
83,hybrid:50,4076,1054,31,8,0.324486,0.301119,-0.033565,0.327364,,221.4
83,bag:10,4076,1054,31,8,0.399967,0.374403,0.520884,0.500399,,229.1
84,pca,4039,1091,31,8,0.395378,0.3722,0.426344,0.4021,,121.4
84,pls,4039,1091,31,8,0.341351,0.344762,0.349119,0.318298,100,167.6
84,pls_mm,4039,1091,31,8,0.378845,0.373934,0.349119,0.318298,100,214.7
84,screen_pca:2000,4039,1091,31,8,0.419688,0.390215,0.406305,0.372826,,217.7
84,hybrid:50,4039,1091,31,8,0.221183,0.203927,0.284774,0.253638,,219.8
84,bag:10,4039,1091,31,8,0.262086,0.242161,0.426446,0.397598,,226.9
85,pca,4066,1064,31,8,0.506845,0.490198,0.542358,0.523203,,118.1
85,pls,4066,1064,31,8,0.394535,0.396776,0.377269,0.374341,100,162.3
85,pls_mm,4066,1064,31,8,0.412905,0.413351,0.377269,0.374341,100,210.7
85,screen_pca:2000,4066,1064,31,8,0.41665,0.399142,0.42621,0.415903,,213.2
85,hybrid:50,4066,1064,31,8,0.377195,0.342016,0.428264,0.406071,,215.3
85,bag:10,4066,1064,31,8,0.390657,0.381334,0.53993,0.523142,,221.8
86,pca,4082,1048,31,8,0.507145,0.483434,0.517682,0.497711,,126.0
86,pls,4082,1048,31,8,0.382227,0.3738,0.355202,0.354413,100,172.4
86,pls_mm,4082,1048,31,8,0.399056,0.391796,0.355202,0.354413,100,218.2
86,screen_pca:2000,4082,1048,31,8,0.518025,0.487938,0.486405,0.461568,,220.6
86,hybrid:50,4082,1048,31,8,0.440255,0.411485,0.005552,0.433358,,223.0
86,bag:10,4082,1048,31,8,0.387565,0.360651,0.526422,0.504676,,230.6
87,pca,4064,1066,31,8,0.494182,0.46728,0.528026,0.507783,,119.3
87,pls,4064,1066,31,8,0.381957,0.390832,0.353637,0.358789,100,166.5
87,pls_mm,4064,1066,31,8,0.411406,0.413299,0.353637,0.358789,100,214.4
87,screen_pca:2000,4064,1066,31,8,0.462458,0.434574,0.482422,0.454022,,217.0
87,hybrid:50,4064,1066,31,8,0.344611,0.327502,0.18687,0.365453,,219.2
87,bag:10,4064,1066,31,8,0.433642,0.394384,0.516936,0.495294,,226.1
88,pca,3982,1148,30,9,0.422705,0.411265,0.44833,0.432754,,120.3
88,pls,3982,1148,30,9,0.400004,0.407965,0.394847,0.38678,100,165.6
88,pls_mm,3982,1148,30,9,0.421222,0.426923,0.394847,0.38678,100,211.8
88,screen_pca:2000,3982,1148,30,9,0.383833,0.3698,0.3825,0.365492,,214.7
88,hybrid:50,3982,1148,30,9,0.266736,0.251122,-0.05664,0.126744,,217.1
88,bag:10,3982,1148,30,9,0.367377,0.359801,0.445405,0.43116,,224.2
89,pca,4061,1069,31,8,0.465879,0.462937,0.480276,0.47684,,120.0
89,pls,4061,1069,31,8,0.238937,0.232137,0.220362,0.197783,100,167.6
89,pls_mm,4061,1069,31,8,0.252656,0.244155,0.220362,0.197783,100,214.0
89,screen_pca:2000,4061,1069,31,8,0.332924,0.319793,0.313194,0.301846,,216.5
89,hybrid:50,4061,1069,31,8,0.373141,0.358008,-0.002938,0.316763,,218.7
89,bag:10,4061,1069,31,8,0.387541,0.383185,0.484829,0.481258,,225.9
90,pca,4096,1034,31,8,0.485371,0.476685,0.502504,0.490187,,125.6
90,pls,4096,1034,31,8,0.330951,0.337966,0.314306,0.30544,100,172.5
90,pls_mm,4096,1034,31,8,0.362288,0.365411,0.314306,0.30544,100,219.2
90,screen_pca:2000,4096,1034,31,8,0.432157,0.414907,0.434333,0.413586,,221.7
90,hybrid:50,4096,1034,31,8,0.417501,0.409934,0.033488,0.425333,,223.8
90,bag:10,4096,1034,31,8,0.407157,0.403607,0.503933,0.490645,,231.1
91,pca,4044,1086,31,8,0.402986,0.400444,0.394216,0.388942,,119.8
91,pls,4044,1086,31,8,0.27307,0.265131,0.266454,0.232237,100,165.2
91,pls_mm,4044,1086,31,8,0.313192,0.303787,0.266454,0.232237,100,212.3
91,screen_pca:2000,4044,1086,31,8,0.475199,0.463464,0.475616,0.466457,,214.7
91,hybrid:50,4044,1086,31,8,0.30523,0.300392,0.330275,0.327913,,216.9
91,bag:10,4044,1086,31,8,0.384162,0.375771,0.396297,0.392337,,223.7
92,pca,3970,1160,30,9,0.438057,0.419976,0.454996,0.43727,,121.8
92,pls,3970,1160,30,9,0.367715,0.376151,0.382762,0.377931,100,167.3
92,pls_mm,3970,1160,30,9,0.412086,0.415694,0.382762,0.377931,100,213.5
92,screen_pca:2000,3970,1160,30,9,0.451269,0.42355,0.450022,0.418615,,216.0
92,hybrid:50,3970,1160,30,9,0.377041,0.353706,-0.032945,0.275236,,218.3
92,bag:10,3970,1160,30,9,0.370715,0.356591,0.457662,0.441699,,226.2
93,pca,3991,1139,30,9,0.444085,0.408202,0.451439,0.415381,,122.4
93,pls,3991,1139,30,9,0.347377,0.352025,0.375071,0.358111,100,168.8
93,pls_mm,3991,1139,30,9,0.40026,0.401245,0.375071,0.358111,100,215.2
93,screen_pca:2000,3991,1139,30,9,0.40902,0.388198,0.417942,0.392184,,217.8
93,hybrid:50,3991,1139,30,9,0.335315,0.309462,-0.015704,0.230765,,220.4
93,bag:10,3991,1139,30,9,0.438502,0.397844,0.46342,0.427809,,228.6
94,pca,4082,1048,31,8,0.495324,0.477498,0.527823,0.515716,,126.8
94,pls,4082,1048,31,8,0.339493,0.338523,0.350371,0.324652,100,174.3
94,pls_mm,4082,1048,31,8,0.372357,0.363794,0.350371,0.324652,100,221.3
94,screen_pca:2000,4082,1048,31,8,0.451385,0.428095,0.422072,0.402058,,224.4
94,hybrid:50,4082,1048,31,8,0.289617,0.264893,0.146191,0.259902,,227.0
94,bag:10,4082,1048,31,8,0.454008,0.433847,0.534215,0.518917,,235.3
95,pca,4047,1083,31,8,0.411925,0.412422,0.434927,0.432441,,119.4
95,pls,4047,1083,31,8,0.328522,0.337211,0.291066,0.299982,100,164.9
95,pls_mm,4047,1083,31,8,0.349076,0.357562,0.291066,0.299982,100,210.7
95,screen_pca:2000,4047,1083,31,8,0.430027,0.423752,0.440156,0.433986,,213.3
95,hybrid:50,4047,1083,31,8,0.329904,0.331319,0.331528,0.348311,,215.4
95,bag:10,4047,1083,31,8,0.354239,0.359133,0.426123,0.42413,,222.1
96,pca,4074,1056,31,8,0.403763,0.40449,0.415828,0.421905,,127.7
96,pls,4074,1056,31,8,0.384507,0.384512,0.345512,0.360433,100,174.8
96,pls_mm,4074,1056,31,8,0.394464,0.394993,0.345512,0.360433,100,220.6
96,screen_pca:2000,4074,1056,31,8,0.407622,0.402576,0.381018,0.380183,,223.1
96,hybrid:50,4074,1056,31,8,0.346109,0.345749,0.405854,0.410608,,225.3
96,bag:10,4074,1056,31,8,0.306652,0.29531,0.435024,0.44129,,232.1
97,pca,4043,1087,31,8,0.427247,0.411168,0.493738,0.485197,,120.1
97,pls,4043,1087,31,8,0.3855,0.390829,0.372657,0.364938,100,167.0
97,pls_mm,4043,1087,31,8,0.404819,0.404326,0.372657,0.364938,100,212.0
97,screen_pca:2000,4043,1087,31,8,0.4329,0.419478,0.452449,0.442926,,214.6
97,hybrid:50,4043,1087,31,8,0.380379,0.353946,-0.009378,0.410891,,216.7
97,bag:10,4043,1087,31,8,0.293881,0.275749,0.48246,0.475063,,224.0
98,pca,3974,1156,30,9,0.38935,0.381794,0.352547,0.349727,,119.1
98,pls,3974,1156,30,9,0.28604,0.285126,0.230618,0.241001,100,164.4
98,pls_mm,3974,1156,30,9,0.310163,0.309864,0.230618,0.241001,100,210.7
98,screen_pca:2000,3974,1156,30,9,0.425287,0.423287,0.440711,0.439605,,213.3
98,hybrid:50,3974,1156,30,9,0.33886,0.336801,0.039083,0.328173,,215.5
98,bag:10,3974,1156,30,9,0.281385,0.269282,0.381561,0.375801,,222.4
99,pca,4057,1073,31,8,0.376707,0.37168,0.397978,0.387767,,117.4
99,pls,4057,1073,31,8,0.337019,0.335276,0.317623,0.300888,100,162.1
99,pls_mm,4057,1073,31,8,0.347388,0.342607,0.317623,0.300888,100,208.5
99,screen_pca:2000,4057,1073,31,8,0.435119,0.424708,0.427895,0.41552,,211.2
99,hybrid:50,4057,1073,31,8,0.313847,0.306371,-0.056981,0.275745,,213.7
99,bag:10,4057,1073,31,8,0.35096,0.343039,0.407312,0.399884,,220.8
100,pca,3985,1145,30,9,0.369443,0.343067,0.41124,0.389253,,118.4
100,pls,3985,1145,30,9,0.374733,0.373802,0.380447,0.364661,100,162.2
100,pls_mm,3985,1145,30,9,0.40932,0.403023,0.380447,0.364661,100,208.2
100,screen_pca:2000,3985,1145,30,9,0.401526,0.375807,0.431321,0.4032,,210.7
100,hybrid:50,3985,1145,30,9,0.277929,0.25907,-0.063138,0.239733,,212.8
100,bag:10,3985,1145,30,9,0.31677,0.281923,0.418957,0.393847,,219.8
