seed,n_train,n_test,n_families_train,n_families_test,gagblup_pearson,gagblup_spearman,bayesb_pearson,bayesb_spearman,gagblup_seconds,bayesb_seconds,wall_clock_seconds
1,1027,264,20,5,nan,nan,0.573342437619129,0.621327332280632,nan,357.36591386795,400.3
2,985,306,19,6,nan,nan,0.473343434514413,0.462410435036108,nan,358.991038560867,401.5
3,998,293,19,6,nan,nan,0.594920672105704,0.599436314126765,nan,348.692731380463,395.2
4,1026,265,20,5,nan,nan,0.532194671449931,0.565105049125783,nan,373.966765165329,410.8
5,1030,261,20,5,nan,nan,0.568662726262638,0.531481558352498,nan,390.077733516693,428.0
6,1021,270,20,5,nan,nan,0.477470299404664,0.414923659680826,nan,389.736543655396,430.1
7,1013,278,20,5,nan,nan,0.658503800769178,0.62559842335887,nan,381.131573915482,418.3
8,1026,265,20,5,nan,nan,0.506273985423076,0.49436104346881,nan,394.196951150894,431.8
9,1010,281,20,5,nan,nan,0.513108228281293,0.533496324519896,nan,382.580278396606,420.6
10,1013,278,20,5,nan,nan,0.638301556941653,0.60293574303062,nan,390.329922199249,428.2
11,1020,271,20,5,nan,nan,0.493561003457261,0.506455694963584,nan,399.461089372635,436.9
12,1025,266,20,5,nan,nan,0.638109743563326,0.600031082711064,nan,386.691563367844,424.6
13,994,297,19,6,nan,nan,0.671621466159883,0.639312320397651,nan,375.979601860046,413.4
14,1020,271,20,5,nan,nan,0.599003578500569,0.638824792060859,nan,388.107246875763,425.8
15,1022,269,20,5,nan,nan,0.602946904851278,0.579407082039099,nan,377.159451246262,415.4
16,1021,270,20,5,nan,nan,0.575108735041198,0.599553352876059,nan,351.41776227951,388.8
17,1027,264,20,5,nan,nan,0.488071416516167,0.456309921358552,nan,357.32440662384,394.9
18,1017,274,20,5,nan,nan,0.503825869204951,0.524358694460118,nan,359.133151531219,396.6
19,1019,272,20,5,nan,nan,0.613543797445784,0.635985743706162,nan,383.317545175552,421.2
20,990,301,19,6,nan,nan,0.546529807356962,0.51132739842789,nan,375.326561450958,412.2
21,1018,273,20,5,nan,nan,0.614712135086878,0.570794373065501,nan,385.13617682457,422.4
22,1027,264,20,5,nan,nan,0.643201270853871,0.633416846755339,nan,391.356234312057,429.9
23,1025,266,20,5,nan,nan,0.573535986485644,0.635023327954209,nan,367.845317602158,406.2
24,1025,266,20,5,nan,nan,0.515316564426327,0.514705842504853,nan,396.281987905502,433.8
25,1024,267,20,5,nan,nan,0.59437783837823,0.582848210192984,nan,384.130151987076,421.6
26,1022,269,20,5,nan,nan,0.553349808615241,0.582272339443118,nan,394.836359977722,433.2
27,994,297,19,6,nan,nan,0.511484252292995,0.515663528642879,nan,387.62778544426,424.4
28,1024,267,20,5,nan,nan,0.546269417241181,0.517473979866316,nan,392.980639457703,431.0
29,1022,269,20,5,nan,nan,0.560315182191878,0.567198735195059,nan,386.523942470551,424.1
30,987,304,19,6,nan,nan,0.485732136419546,0.450452278285784,nan,398.76615691185,436.4
31,1024,267,20,5,nan,nan,0.573547589693082,0.553407453875296,nan,375.632988452911,414.0
32,1025,266,20,5,nan,nan,0.571270743503336,0.605188580377909,nan,350.793711900711,389.8
33,998,293,19,6,nan,nan,0.647858931614773,0.640732278002975,nan,383.660057544708,421.3
34,1001,290,19,6,nan,nan,0.583597503550617,0.564164944965796,nan,373.574154615402,410.2
35,1012,279,20,5,nan,nan,0.533948364400222,0.535430997699618,nan,379.756452322006,416.9
36,996,295,19,6,nan,nan,0.555245032636641,0.548358571917545,nan,384.8259973526,421.8
37,1015,276,20,5,nan,nan,0.457774634813681,0.466675542136573,nan,366.693897485733,403.9
38,984,307,19,6,nan,nan,0.491738500340166,0.454192287858404,nan,383.936619520187,420.6
39,1020,271,20,5,nan,nan,0.570079865039089,0.536575858366025,nan,374.702964067459,411.8
40,1002,289,19,6,nan,nan,0.534766898093528,0.571976687303138,nan,374.702603578568,411.9
41,1021,270,20,5,nan,nan,0.556290106659723,0.517389188385787,nan,361.743551969528,399.5
42,984,307,19,6,nan,nan,0.540770845628117,0.538200677370006,nan,367.159256458282,404.1
43,995,296,19,6,nan,nan,0.548698199582309,0.525983512357522,nan,360.917262554169,397.1
44,1016,275,20,5,nan,nan,0.630219827438253,0.598498421567417,nan,377.324645519257,414.9
45,1029,262,20,5,nan,nan,0.606750940080464,0.610857799237047,nan,374.001980781555,411.6
46,991,300,19,6,nan,nan,0.610058457516984,0.628212572756418,nan,371.70018196106,408.7
47,982,309,19,6,nan,nan,0.504342067337707,0.501584536438264,nan,373.005979061127,410.0
48,1017,274,20,5,nan,nan,0.607634283329718,0.629086018944953,nan,374.893244743347,412.7
49,1027,264,19,6,nan,nan,0.630720724519706,0.584327766856627,nan,365.537141561508,403.8
50,1001,290,19,6,nan,nan,0.505119128131456,0.533046215785607,nan,385.735991477966,422.5
51,985,306,19,6,nan,nan,0.636488223998912,0.595632763654889,nan,362.54118013382,399.7
52,1020,271,20,5,nan,nan,0.452224601967769,0.494449098880058,nan,364.879783630371,402.3
53,1015,276,20,5,nan,nan,0.635329214784714,0.612493049092362,nan,359.48316526413,397.4
54,995,296,19,6,nan,nan,0.513681007955354,0.538323231728124,nan,351.611466407776,388.3
55,1012,279,20,5,nan,nan,0.549681442140517,0.551523941339049,nan,366.456897258759,403.3
56,981,310,19,6,nan,nan,0.521902873527158,0.544730216916546,nan,381.138504743576,417.7
57,1016,275,20,5,nan,nan,0.540714802972117,0.598653873397001,nan,361.08557009697,398.2
58,1030,261,20,5,nan,nan,0.560156116074613,0.519146978836322,nan,362.162096977234,399.6
59,1024,267,20,5,nan,nan,0.651450649336304,0.62474397579904,nan,363.089604854584,400.8
60,1021,270,20,5,nan,nan,0.559414397728356,0.602679030050534,nan,355.99312877655,393.5
61,995,296,19,6,nan,nan,0.541853979768902,0.536354053980193,nan,357.038855552673,393.5
62,995,296,19,6,nan,nan,0.494768856631942,0.515985195478438,nan,373.104220867157,409.9
63,1012,279,20,5,nan,nan,0.614826292223103,0.610544427950837,nan,379.467226743698,416.8
64,1028,263,20,5,nan,nan,0.545490259840175,0.558670172340036,nan,369.952160596848,407.2
65,1012,279,20,5,nan,nan,0.551708250857141,0.588022072915139,nan,362.769627332687,399.0
66,1014,277,20,5,nan,nan,0.555266006757187,0.556006836309011,nan,378.998677492142,416.0
67,1028,263,20,5,nan,nan,0.576930431552356,0.563699112576762,nan,367.838137865067,405.9
68,994,297,19,6,nan,nan,0.501577708632379,0.492017239375202,nan,378.735995769501,415.6
69,980,311,19,6,nan,nan,0.566920356519024,0.561494407235261,nan,379.47443819046,416.0
70,1018,273,20,5,nan,nan,0.593911234279272,0.598954353761158,nan,378.296604633331,416.1
71,983,308,19,6,nan,nan,0.5400376538691,0.507012717120836,nan,369.872306585312,407.1
72,1022,269,20,5,nan,nan,0.544135426007988,0.579219868487191,nan,380.34460735321,418.1
73,1021,270,20,5,nan,nan,0.54346868657157,0.545634232941092,nan,359.738256454468,397.9
74,1020,271,20,5,nan,nan,0.514744975976737,0.514101478797031,nan,373.637090921402,411.8
75,1021,270,20,5,nan,nan,0.650474779580615,0.648139595784541,nan,384.273584127426,421.7
76,1019,272,20,5,nan,nan,0.494900297284153,0.536263206127603,nan,341.03436088562,378.1
77,1023,268,20,5,nan,nan,0.564900869571736,0.575511917868351,nan,368.665420293808,406.2
78,1001,290,19,6,nan,nan,0.617731484763503,0.692546261817435,nan,368.245762825012,404.9
79,1022,269,20,5,nan,nan,0.443225978030067,0.433925140509251,nan,370.258589506149,407.6
80,986,305,19,6,nan,nan,0.616972606920965,0.589752010748602,nan,362.196145772934,399.4
81,1016,275,20,5,nan,nan,0.533769852143577,0.520832143234393,nan,361.978531837463,400.1
82,1024,267,20,5,nan,nan,0.563831413909657,0.535909817081256,nan,360.642607927322,399.0
83,1021,270,20,5,nan,nan,0.638883220898848,0.650060273866355,nan,381.016181945801,418.2
84,1021,270,20,5,nan,nan,0.516489383496929,0.538620757357318,nan,379.302157878876,416.3
85,1005,286,19,6,nan,nan,0.628007086037931,0.624990606283113,nan,375.272487640381,413.0
86,1024,267,20,5,nan,nan,0.598879895432621,0.593433855472131,nan,366.6962454319,404.5
87,1014,277,20,5,nan,nan,0.595433745973351,0.573159183016891,nan,362.431136369705,399.7
88,1024,267,20,5,nan,nan,0.544501772411848,0.597118282438702,nan,390.378137111664,427.6
89,1020,271,20,5,nan,nan,0.575658667336717,0.617820459872028,nan,380.743283748627,426.0
90,979,312,19,6,nan,nan,0.593106354310175,0.60780983143575,nan,364.217046260834,401.8
91,1013,278,20,5,nan,nan,0.54480540623415,0.559730739741669,nan,369.282775878906,407.6
92,978,313,19,6,nan,nan,0.53412299966401,0.472959877652357,nan,368.600783348083,405.6
93,1020,271,20,5,nan,nan,0.552763489135601,0.567049456151672,nan,367.970580101013,405.6
94,1029,262,20,5,nan,nan,0.624661932793992,0.632745662034042,nan,392.037214279175,429.2
95,994,297,19,6,nan,nan,0.582273611587418,0.581621780086868,nan,369.063163042068,405.4
96,1019,272,20,5,nan,nan,0.601686704724288,0.592575685726224,nan,382.108278036118,419.5
97,1025,266,20,5,nan,nan,0.574670134353038,0.556427023104873,nan,359.948945999146,397.3
98,1024,267,20,5,nan,nan,0.580606883161566,0.570637708533894,nan,378.496963262558,416.0
99,1032,259,20,5,nan,nan,0.598069544957357,0.607695442414722,nan,374.620022773743,412.2
100,1025,266,20,5,nan,nan,0.5945301844292,0.574836552969151,nan,360.715101003647,397.8
