seed,n_train,n_test,n_families_train,n_families_test,gpfn_pearson,gpfn_spearman,gblup_pearson,gblup_spearman,pcr_pearson,pcr_spearman,bayesb_pearson,bayesb_spearman
1,4086,1050,31,8,0.1951,0.2112,0.225,0.2513,0.1639,0.1784,0.129971958822492,0.134860830783948
2,4065,1071,31,8,0.1648,0.1487,0.152,0.1441,0.1741,0.1562,0.170658991636036,0.132807443409472
3,3983,1153,30,9,0.1696,0.1529,0.1825,0.1726,0.1507,0.1478,0.104756624712906,0.0843561683554909
4,4083,1053,31,8,-0.0901,-0.1017,-0.121,-0.1308,-0.1403,-0.1475,0.0564525599111191,0.028996074082487
5,4097,1039,31,8,0.2638,0.2797,0.3127,0.3323,0.2814,0.2962,0.216896376214411,0.221434717066563
6,4079,1057,31,8,0.0689,0.0791,0.0672,0.0867,0.0627,0.0769,0.110777628723771,0.0982722285648679
7,4044,1092,31,8,0.1015,0.085,0.1073,0.0961,0.1079,0.0977,0.186512645697004,0.127278248775919
8,4017,1119,30,9,0.067,0.0406,0.0112,-0.0089,0.0629,0.0449,0.082952317518307,0.0740378209474438
9,4052,1084,31,8,0.3153,0.2883,0.354,0.3196,0.2704,0.2441,0.143329189560685,0.0979185803051588
10,4068,1068,31,8,0.1382,0.1376,0.1551,0.1511,0.1172,0.1172,0.182032375987981,0.184061915452058
11,4084,1052,31,8,0.0706,0.0575,0.0484,0.0282,0.038,0.0362,0.151626033370555,0.118450749809928
12,4089,1047,31,8,0.1743,0.1661,0.2662,0.2508,0.1595,0.1576,0.264713380806018,0.248630986891504
13,4103,1033,31,8,0.3316,0.3408,0.3347,0.3459,0.2912,0.3025,0.114436281567908,0.127716814026493
14,4075,1061,31,8,0.0649,0.0637,0.0478,0.0491,0.0814,0.0817,0.185417604569177,0.137187154098833
15,4064,1072,31,8,-0.0621,-0.0609,0.0265,0.0259,-0.0577,-0.0652,0.260133519616463,0.251741402758166
16,4059,1077,31,8,0.144,0.1347,0.1928,0.1716,0.1265,0.1183,0.154427913238692,0.138761471282106
17,4104,1032,31,8,0.0328,0.0302,0.0223,0.0134,0.046,0.0531,0.0559720844852262,0.0452888174764274
18,4065,1071,31,8,0.0388,0.0544,0.0558,0.0684,0.0272,0.0433,0.0330352925557209,0.0306638442150052
19,4045,1091,31,8,0.1294,0.1286,0.1181,0.1064,0.0958,0.0955,0.182662302163204,0.199209115305107
20,4081,1055,31,8,0.1088,0.0998,0.0833,0.0632,0.0923,0.0754,0.357815672184109,0.304617243951527
21,4050,1086,31,8,0.1672,0.1527,0.2058,0.191,0.1268,0.1217,0.29219571275256,0.284641897400823
22,4016,1120,30,9,0.1712,0.1427,0.1667,0.1209,0.156,0.1392,0.272277414922022,0.22400056172476
23,4069,1067,31,8,0.2372,0.2419,0.2228,0.223,0.2146,0.2192,0.237278964056737,0.238096243955522
24,4043,1093,31,8,0.0946,0.0914,0.0484,0.0336,0.0859,0.0851,0.0722463444691783,0.0392909614094152
25,4093,1043,31,8,-0.0391,-0.0433,0.013,0.0287,-0.0231,-0.0169,0.0518535306185973,-0.00585737536427899
26,4097,1039,31,8,-0.034,-0.0305,-0.0066,-0.0213,-0.0331,-0.0234,0.135586700295735,0.127587199001463
27,4070,1066,31,8,0.0636,0.072,0.2114,0.2113,0.1284,0.1424,0.166051297300748,0.139220657771243
28,4069,1067,31,8,0.1876,0.1571,0.2842,0.2622,0.2045,0.1778,0.128695961962828,0.103986386266742
29,4095,1041,31,8,0.1035,0.1009,0.1068,0.1012,0.0842,0.0845,0.0868646799798557,0.0755575363560559
30,4061,1075,31,8,0.0046,-0.0026,-0.0251,-0.0277,0.0086,0.0135,0.0594565686534159,0.0363160906044458
31,4057,1079,31,8,0.0548,0.0397,0.1244,0.0919,-0.0001,-0.011,0.187866368524276,0.146826516556788
32,4011,1125,30,9,0.1508,0.1352,0.0729,0.0749,0.145,0.1407,0.105960526170296,0.0843463720682702
33,4018,1118,30,9,0.2511,0.2312,0.1556,0.1388,0.1865,0.1654,0.0197302625553076,0.0335318450077487
34,4080,1056,31,8,0.2579,0.2647,0.3063,0.3072,0.2489,0.2486,0.194345190121302,0.17475172602166
35,4067,1069,31,8,0.1096,0.0775,0.1271,0.0878,0.1408,0.1054,0.141423973501889,0.132559184778418
36,4073,1063,31,8,0.0568,0.0503,0.0749,0.0649,0.0339,0.0356,0.0718513609290386,0.0584514557577049
37,4071,1065,31,8,0.1197,0.1148,0.1626,0.1568,0.1216,0.1265,0.0333706314282672,0.0145326071400624
38,4043,1093,31,8,0.134,0.0778,0.1604,0.089,0.1507,0.0998,0.09779824375298,0.0818918922554174
39,4043,1093,31,8,0.2001,0.1894,0.2009,0.1955,0.1832,0.1746,0.0990486586800289,0.100387711303596
40,4049,1087,31,8,-0.0373,-0.049,-0.0605,-0.0802,-0.112,-0.1301,0.106036622239054,0.0482647099389566
41,4096,1040,31,8,0.1559,0.1446,0.1163,0.1066,0.1774,0.1707,0.353689045167406,0.330045403188529
42,4097,1039,31,8,0.1147,0.1137,0.1192,0.1148,0.1232,0.1263,0.0623795174495244,0.0319329570282636
43,4063,1073,31,8,0.0251,0.0298,0.0741,0.0686,-0.0077,0.0048,0.134192396071097,0.107656289004483
44,4072,1064,31,8,0.0893,0.0695,0.1635,0.1422,0.08,0.0667,0.211254789295549,0.191008271194908
45,4064,1072,31,8,0.123,0.114,0.1209,0.1013,0.0989,0.0915,0.0837154865686143,0.0361108831405352
46,4077,1059,31,8,0.202,0.2077,0.183,0.1671,0.1883,0.1974,0.177106362112643,0.12755674184547
47,4087,1049,31,8,0.355,0.3623,0.3575,0.3517,0.2719,0.2715,0.0456701949410333,0.0247813906442004
48,4093,1043,31,8,0.2305,0.2383,0.1854,0.1993,0.2184,0.2366,0.189945167476467,0.190755396073289
49,4039,1097,31,8,0.1308,0.1084,0.1024,0.0794,0.0384,0.034,0.165477682375753,0.132958996772491
50,4055,1081,31,8,0.1432,0.137,0.0648,0.0569,0.1583,0.1537,0.247366227610043,0.166316863050854
51,4100,1036,31,8,0.1216,0.1001,0.1352,0.101,0.1169,0.1035,0.101708169145114,0.0798726547971404
52,4077,1059,31,8,0.1005,0.1053,0.1021,0.0995,0.1328,0.1488,0.0695087753547945,0.0730412929497504
53,4092,1044,31,8,0.2626,0.2465,0.1383,0.1444,0.2456,0.2343,0.042550398298406,0.0490193418711789
54,4004,1132,30,9,0.2534,0.2489,0.2616,0.2633,0.2496,0.2498,0.233913337499249,0.226610287128
55,4052,1084,31,8,0.0268,0.0202,0.0384,0.0341,-0.003,-0.0124,0.19042867109443,0.196605256862317
56,4080,1056,31,8,0.0009,-0.0031,-0.0171,-0.02,0.0273,0.0395,0.102621077487104,0.0797936288922086
57,4087,1049,31,8,-0.1151,-0.1239,-0.0316,-0.0365,-0.1737,-0.173,-0.0624609790952835,-0.0587409870126447
58,4053,1083,31,8,0.0658,0.0431,0.1687,0.1397,0.0937,0.0747,0.133426420568296,0.122884323462438
59,4083,1053,31,8,0.0804,0.0568,0.1363,0.1156,0.0816,0.06,0.250023920447307,0.236917827713691
60,4108,1028,31,8,0.1602,0.1499,0.2,0.1646,0.1356,0.1253,0.384525263323075,0.334850889369196
61,4083,1053,31,8,0.2343,0.195,0.2854,0.2442,0.256,0.2195,0.137225091310563,0.122777320800943
62,3981,1155,30,9,0.1307,0.0991,0.1716,0.143,0.1643,0.1423,0.18330297253921,0.138722322164085
63,4044,1092,31,8,0.2636,0.25,0.2972,0.2744,0.2071,0.1958,-0.040191579317603,-0.0363531378302949
64,4061,1075,31,8,0.0261,0.0491,0.1078,0.1149,0.0108,0.0367,0.0734074077135161,0.0592931297403876
65,3996,1140,30,9,-0.1412,-0.15,-0.1073,-0.1098,-0.1361,-0.1405,0.0374419626861544,0.0103051658539925
66,4058,1078,31,8,0.1468,0.1402,0.2571,0.2412,0.0584,0.0586,0.144484091214652,0.138037922657898
67,4046,1090,31,8,0.2348,0.2235,0.2161,0.1994,0.2187,0.2068,0.274170298514776,0.212750503579492
68,4071,1065,31,8,0.1852,0.1883,0.2105,0.2184,0.2028,0.1954,0.136148354891945,0.109325395839716
69,4058,1078,31,8,0.1915,0.1792,0.1765,0.1607,0.189,0.1833,0.258138511961296,0.267213990559282
70,3998,1138,30,9,0.1645,0.1487,0.1813,0.1478,0.1608,0.1426,0.234498642660344,0.16365021283465
71,4095,1041,31,8,0.2703,0.2669,0.3875,0.3962,0.2356,0.2339,0.323068111909162,0.310085347194811
72,4101,1035,31,8,0.0861,0.0664,0.0918,0.1084,0.07,0.0549,0.114185445643337,0.0946760533062466
73,4068,1068,31,8,0.2828,0.2725,0.2533,0.2278,0.2711,0.2552,0.107252249814565,0.0892793701516899
74,4053,1083,31,8,0.1069,0.0793,0.1152,0.0882,0.0991,0.0728,0.191558302693383,0.120927068037045
75,4091,1045,31,8,0.0283,0.0074,0.0184,-0.0219,-0.0103,-0.0317,0.330067784495939,0.243476217548799
76,4072,1064,31,8,0.0752,0.0654,0.1655,0.1485,0.0296,0.0158,0.169247926040823,0.15094883095632
77,4045,1091,31,8,0.1485,0.1237,0.1123,0.1026,0.1302,0.1155,0.131440410402839,0.121385307426048
78,4080,1056,31,8,0.3014,0.3001,0.2616,0.2612,0.3004,0.3067,0.0915198968231662,0.0992794187248282
79,4065,1071,31,8,0.1033,0.1003,0.1364,0.1254,0.0971,0.1068,0.241713922050313,0.200764626518304
80,4079,1057,31,8,0.0553,0.0227,0.1404,0.0973,0.0757,0.0419,0.282421762992004,0.28676104130716
81,4056,1080,31,8,0.1551,0.17,0.148,0.1573,0.1745,0.1758,0.136308490368256,0.116394048447185
82,4049,1087,31,8,0.1367,0.1431,0.1386,0.1459,0.1202,0.1376,0.117889728473569,0.107471930553167
83,4081,1055,31,8,0.1199,0.1137,0.2084,0.1985,0.1927,0.1935,0.114155957160666,0.0841459710045687
84,4043,1093,31,8,0.0898,0.0891,0.0865,0.0736,0.0601,0.0489,0.114355565443621,0.125894198706633
85,4070,1066,31,8,0.1716,0.1591,0.193,0.1746,0.1464,0.1426,0.249447181905245,0.282076375932023
86,4088,1048,31,8,-0.0429,-0.043,0.0173,-0.0006,-0.0048,-0.0101,0.209166383737948,0.185735322565346
87,4069,1067,31,8,0.0901,0.0517,0.1354,0.1116,0.1195,0.0831,0.147190092205883,0.122594820754192
88,3986,1150,30,9,0.1797,0.1491,0.2434,0.1999,0.2157,0.1877,0.176853392456202,0.124771033579581
89,4067,1069,31,8,0.2077,0.1925,0.2113,0.1921,0.1578,0.1485,0.14341658898643,0.128887541578719
90,4100,1036,31,8,0.2535,0.2375,0.1777,0.1687,0.2101,0.1986,0.197513696340441,0.187976615678929
91,4049,1087,31,8,0.1767,0.1512,0.216,0.1608,0.1487,0.1206,0.189874004562802,0.13957547902561
92,3975,1161,30,9,0.0331,0.0216,-0.0027,-0.0203,0.0113,0.009,0.0447817246091943,0.00150182216321538
93,3996,1140,30,9,0.1591,0.1593,0.2445,0.2475,0.142,0.1456,0.261459682642677,0.248429266830645
94,4086,1050,31,8,0.2037,0.1936,0.2443,0.2467,0.2284,0.2193,0.231398245247239,0.188874491000892
95,4052,1084,31,8,0.1663,0.1539,0.1681,0.1548,0.1532,0.1431,0.147444724953957,0.124737385200927
96,4080,1056,31,8,0.0358,0.0263,0.0403,0.0257,0.0452,0.0421,0.181874273050788,0.160066121178029
97,4048,1088,31,8,0.0611,0.0468,0.102,0.0804,0.0255,0.0292,0.20837694389046,0.160778768746426
98,3979,1157,30,9,0.0042,-0.0133,0.009,-0.0142,-0.0281,-0.0418,0.244453737571402,0.199030405066147
99,4062,1074,31,8,0.1027,0.0791,0.0858,0.0724,0.1146,0.0991,0.211273582670669,0.192036016865835
100,3990,1146,30,9,0.0592,0.0954,0.0541,0.0912,0.0597,0.0878,0.105296903783115,0.088820755795377
